-- SUMMARY
-- Data derived from the MovieLens data set, a project of 
-- University of Minnesota (http://www.grouplens.org/node/73).
-- 
-- This is a greatly cut-down subset of the movielens.sql data.
-- These tables contain about 1000 anonymous ratings of 
-- approximately 20 movies made by about 640 MovieLens users who joined 
-- MovieLens in 2000.

-- Prepare the database
DROP DATABASE IF EXISTS movielens;
CREATE DATABASE movielens;
USE movielens;

-- ------------------------------------------------------
-- MySQL dump 10.13  Distrib 5.1.50, for apple-darwin10.3.0 (i386)
--
-- Host: localhost    Database: smallmovielens
-- ------------------------------------------------------
-- Server version	5.1.50

/*!40101 SET @OLD_CHARACTER_SET_CLIENT=@@CHARACTER_SET_CLIENT */;
/*!40101 SET @OLD_CHARACTER_SET_RESULTS=@@CHARACTER_SET_RESULTS */;
/*!40101 SET @OLD_COLLATION_CONNECTION=@@COLLATION_CONNECTION */;
/*!40101 SET NAMES utf8 */;
/*!40103 SET @OLD_TIME_ZONE=@@TIME_ZONE */;
/*!40103 SET TIME_ZONE='+00:00' */;
/*!40014 SET @OLD_UNIQUE_CHECKS=@@UNIQUE_CHECKS, UNIQUE_CHECKS=0 */;
/*!40014 SET @OLD_FOREIGN_KEY_CHECKS=@@FOREIGN_KEY_CHECKS, FOREIGN_KEY_CHECKS=0 */;
/*!40101 SET @OLD_SQL_MODE=@@SQL_MODE, SQL_MODE='NO_AUTO_VALUE_ON_ZERO' */;
/*!40111 SET @OLD_SQL_NOTES=@@SQL_NOTES, SQL_NOTES=0 */;

--
-- Table structure for table `genre`
--

DROP TABLE IF EXISTS `genre`;
/*!40101 SET @saved_cs_client     = @@character_set_client */;
/*!40101 SET character_set_client = utf8 */;
CREATE TABLE `genre` (
  `id` tinyint(4) NOT NULL,
  `name` char(20) DEFAULT NULL,
  PRIMARY KEY (`id`)
) ENGINE=MyISAM DEFAULT CHARSET=latin1;
/*!40101 SET character_set_client = @saved_cs_client */;

--
-- Dumping data for table `genre`
--

LOCK TABLES `genre` WRITE;
/*!40000 ALTER TABLE `genre` DISABLE KEYS */;
INSERT INTO `genre` VALUES (1,'Action'),(2,'Adventure'),(3,'Animation'),(4,'Children\'s'),(5,'Comedy'),(6,'Crime'),(7,'Documentary'),(8,'Drama'),(9,'Fantasy'),(10,'Film-Noir'),(11,'Horror'),(12,'Musical'),(13,'Mystery'),(14,'Romance'),(15,'Sci-Fi'),(16,'Thriller'),(17,'War'),(18,'Western');
/*!40000 ALTER TABLE `genre` ENABLE KEYS */;
UNLOCK TABLES;

--
-- Table structure for table `movie`
--

DROP TABLE IF EXISTS `movie`;
/*!40101 SET @saved_cs_client     = @@character_set_client */;
/*!40101 SET character_set_client = utf8 */;
CREATE TABLE `movie` (
  `id` int(11) NOT NULL DEFAULT '0',
  `name` char(75) DEFAULT NULL,
  `year` smallint(6) DEFAULT NULL,
  PRIMARY KEY (`id`)
) ENGINE=MyISAM DEFAULT CHARSET=latin1;
/*!40101 SET character_set_client = @saved_cs_client */;

--
-- Dumping data for table `movie`
--

LOCK TABLES `movie` WRITE;
/*!40000 ALTER TABLE `movie` DISABLE KEYS */;
INSERT INTO `movie` VALUES (1,'Toy Story',1995),(2,'Jumanji',1995),(3,'Grumpier Old Men',1995),(4,'Waiting to Exhale',1995),(6,'Heat',1995),(7,'Sabrina',1995),(8,'Tom and Huck',1995),(9,'Sudden Death',1995),(10,'GoldenEye',1995),(58,'Postino, Il',0),(64,'Two if by Sea',1996),(65,'Bio-Dome',1996),(80,'White Balloon, The',0),(596,'Pinocchio',1940),(749,'Man from Down Under, The',1943),(770,'Costa Brava',1946),(897,'For Whom the Bell Tolls',1943),(898,'Philadelphia Story, The',1940),(953,'It\'s a Wonderful Life',1946),(3132,'Daddy Long Legs',1919);
/*!40000 ALTER TABLE `movie` ENABLE KEYS */;
UNLOCK TABLES;

--
-- Table structure for table `moviegenre`
--

DROP TABLE IF EXISTS `moviegenre`;
/*!40101 SET @saved_cs_client     = @@character_set_client */;
/*!40101 SET character_set_client = utf8 */;
CREATE TABLE `moviegenre` (
  `movieid` int(11) NOT NULL DEFAULT '0',
  `genreid` tinyint(4) NOT NULL DEFAULT '0',
  PRIMARY KEY (`movieid`,`genreid`)
) ENGINE=MyISAM DEFAULT CHARSET=latin1;
/*!40101 SET character_set_client = @saved_cs_client */;

--
-- Dumping data for table `moviegenre`
--

LOCK TABLES `moviegenre` WRITE;
/*!40000 ALTER TABLE `moviegenre` DISABLE KEYS */;
INSERT INTO `moviegenre` VALUES (1,3),(1,4),(1,5),(2,2),(2,4),(2,9),(3,5),(3,14),(4,5),(4,8),(6,1),(6,6),(6,16),(7,5),(7,14),(8,2),(8,4),(9,1),(10,1),(10,2),(10,16),(58,8),(58,14),(64,5),(64,14),(65,5),(80,8),(596,3),(596,4),(749,8),(770,8),(897,2),(897,17),(898,5),(898,14),(953,8),(3132,5);
/*!40000 ALTER TABLE `moviegenre` ENABLE KEYS */;
UNLOCK TABLES;

--
-- Table structure for table `movierating`
--

DROP TABLE IF EXISTS `movierating`;
/*!40101 SET @saved_cs_client     = @@character_set_client */;
/*!40101 SET character_set_client = utf8 */;
CREATE TABLE `movierating` (
  `userid` int(11) NOT NULL,
  `movieid` int(11) NOT NULL,
  `rating` tinyint(4) NOT NULL,
  PRIMARY KEY (`userid`,`movieid`),
  KEY `movierating_movieid` (`movieid`)
) ENGINE=MyISAM DEFAULT CHARSET=latin1;
/*!40101 SET character_set_client = @saved_cs_client */;

--
-- Dumping data for table `movierating`
--

LOCK TABLES `movierating` WRITE;
/*!40000 ALTER TABLE `movierating` DISABLE KEYS */;
INSERT INTO `movierating` VALUES (26,64,2),(38,64,2),(40,897,4),(73,8,2),(75,8,5),(92,8,3),(119,8,3),(123,897,4),(128,3132,4),(163,64,1),(166,8,4),(195,8,4),(195,80,4),(200,8,3),(202,64,3),(216,897,4),(307,3132,4),(314,3132,3),(346,64,3),(365,64,3),(391,897,4),(411,3132,3),(461,897,3),(509,8,3),(524,64,1),(531,64,2),(590,80,5),(629,8,4),(634,8,3),(655,80,3),(699,64,3),(731,64,3),(817,8,4),(850,80,4),(854,64,2),(855,64,3),(889,897,2),(889,64,2),(934,64,1),(945,64,2),(975,64,2),(984,897,4),(1004,64,3),(1013,3132,3),(1015,897,4),(1069,80,5),(1088,8,3),(1088,897,5),(1117,897,4),(1130,8,3),(1147,80,4),(1164,64,1),(1175,64,4),(1181,897,2),(1184,8,3),(1224,80,3),(1227,80,4),(1229,80,3),(1242,80,2),(1264,64,1),(1266,80,4),(1285,897,4),(1294,3132,4),(1298,8,4),(1322,897,5),(1348,8,4),(1425,64,4),(1448,64,2),(1465,897,4),(1470,8,1),(1470,897,4),(1501,8,3),(1501,64,4),(1505,80,4),(1513,897,4),(1605,8,3),(1613,64,2),(1631,3132,3),(1632,897,3),(1632,80,3),(1667,897,3),(1676,8,4),(1748,897,3),(1841,8,2),(1845,80,4),(1884,897,4),(1891,897,4),(1894,80,4),(1897,80,3),(1899,3132,4),(1912,897,1),(1925,897,3),(1947,80,4),(1958,64,2),(1962,64,2),(1969,8,3),(1980,64,1),(1998,3132,4),(1998,897,3),(2015,8,2),(2018,897,4),(2026,897,3),(2073,8,3),(2073,897,3),(2077,8,2),(2085,64,3),(2088,897,3),(2092,897,3),(2106,8,1),(2106,64,3),(2110,8,3),(2110,897,4),(2116,64,3),(2121,749,3),(2121,897,5),(2195,8,3),(2219,64,1),(2265,897,3),(2271,897,4),(2288,8,2),(2293,897,3),(2330,897,4),(2334,3132,4),(2340,897,5),(2367,8,3),(2370,897,4),(2387,80,3),(2477,897,5),(2489,8,4),(2496,897,4),(2497,3132,5),(2500,897,3),(2506,64,3),(2538,897,4),(2541,64,4),(2544,897,3),(2607,8,3),(2621,8,2),(2634,80,4),(2676,80,4),(2748,8,1),(2753,8,2),(2753,3132,3),(2753,897,4),(2764,897,4),(2789,80,3),(2807,64,2),(2810,8,4),(2849,3132,4),(2888,8,4),(2892,8,3),(2907,64,3),(2909,897,3),(2913,3132,3),(2919,8,2),(2934,8,3),(2934,897,4),(2944,64,4),(2990,80,4),(2999,8,2),(3004,80,5),(3017,64,2),(3020,80,4),(3024,64,3),(3036,897,5),(3039,897,4),(3054,64,1),(3067,64,2),(3108,897,4),(3135,80,5),(3189,64,3),(3201,897,5),(3217,897,4),(3224,3132,5),(3224,64,3),(3224,80,5),(3261,3132,4),(3261,897,4),(3263,897,2),(3292,3132,4),(3292,897,4),(3313,3132,3),(3320,8,2),(3328,64,3),(3367,80,4),(3476,897,5),(3507,897,3),(3511,8,3),(3559,64,2),(3576,897,3),(3589,897,4),(3598,749,1),(3610,3132,1),(3615,897,4),(3626,64,3),(3688,897,5),(3690,64,2),(3704,80,4),(3778,8,3),(3778,64,1),(3792,897,5),(3816,3132,3),(3821,80,4),(3829,64,2),(3841,897,2),(3842,8,5),(3842,897,1),(3887,80,2),(3892,897,4),(3927,64,3),(3930,897,5),(3934,64,2),(3934,65,2),(3940,8,3),(3974,8,3),(3988,64,3),(3997,65,1),(3999,65,2),(4001,65,2),(4014,65,5),(4021,897,4),(4024,65,1),(4033,64,3),(4041,65,3),(4048,4,1),(4048,8,4),(4048,64,3),(4059,65,1),(4064,4,2),(4083,3132,4),(4085,4,2),(4085,64,3),(4140,4,2),(4140,64,3),(4169,4,3),(4169,3132,4),(4169,80,3),(4169,749,3),(4169,897,5),(4227,4,1),(4227,3132,3),(4227,64,1),(4227,65,1),(4234,3132,4),(4238,65,1),(4253,897,3),(4257,64,1),(4261,9,1),(4277,8,4),(4277,897,4),(4279,9,3),(4284,9,2),(4285,65,4),(4315,65,4),(4323,9,3),(4336,4,5),(4336,64,4),(4343,4,2),(4344,897,4),(4345,64,1),(4352,4,1),(4379,64,1),(4387,64,1),(4387,65,2),(4390,65,1),(4404,9,1),(4422,65,2),(4425,4,3),(4430,4,2),(4453,9,3),(4460,65,2),(4478,3,3),(4479,897,4),(4483,3,3),(4483,4,2),(4491,3,4),(4506,897,4),(4507,3,4),(4508,3,1),(4508,65,1),(4510,897,2),(4517,65,1),(4523,65,2),(4524,3,4),(4532,897,4),(4535,3,5),(4535,65,4),(4541,8,1),(4556,8,3),(4562,4,2),(4567,8,2),(4582,4,4),(4591,897,2),(4593,4,2),(4611,4,4),(4619,3,2),(4635,4,4),(4637,3,1),(4647,4,2),(4650,65,1),(4658,9,1),(4673,3,4),(4686,897,5),(4699,8,3),(4699,9,3),(4704,3,2),(4712,8,3),(4713,3,3),(4715,3,2),(4725,4,3),(4725,9,2),(4726,4,3),(4729,3,2),(4729,4,4),(4743,8,3),(4747,9,2),(4748,3,4),(4748,4,4),(4754,3,3),(4762,3132,4),(4763,64,2),(4784,3132,4),(4785,3,4),(4786,4,4),(4788,65,2),(4806,3,3),(4808,65,2),(4813,3,2),(4819,4,3),(4819,64,3),(4823,4,2),(4828,3,3),(4834,8,4),(4837,3,1),(4837,4,2),(4852,80,3),(4888,897,5),(4899,80,4),(4916,4,1),(4921,80,4),(4928,4,3),(4928,80,4),(4934,3,3),(4948,897,4),(4950,3,2),(4951,80,4),(4958,80,3),(4961,897,3),(4962,3,2),(4965,9,4),(4979,3,2),(4997,65,2),(5000,897,5),(5011,3,3),(5013,8,2),(5021,897,4),(5026,3,3),(5026,9,2),(5026,65,1),(5035,4,4),(5038,64,2),(5046,9,2),(5046,65,4),(5054,897,3),(5056,3132,5),(5061,4,4),(5074,80,3),(5082,80,4),(5083,4,3),(5084,3,3),(5084,65,3),(5085,897,5),(5100,4,3),(5100,897,4),(5108,3,2),(5111,4,3),(5113,4,2),(5113,897,4),(5124,897,3),(5130,80,5),(5131,3,2),(5131,64,1),(5138,596,4),(5142,8,4),(5148,4,1),(5153,3,2),(5153,64,2),(5159,3,3),(5161,596,2),(5163,3,3),(5164,897,5),(5171,897,4),(5185,3132,3),(5185,65,2),(5190,596,4),(5200,596,3),(5227,9,3),(5239,4,3),(5245,4,2),(5249,3,3),(5249,4,3),(5249,9,1),(5250,3,1),(5253,596,5),(5256,3,3),(5256,4,2),(5256,596,3),(5256,65,1),(5256,897,3),(5258,749,4),(5268,64,2),(5271,80,3),(5273,3132,3),(5282,596,3),(5282,64,2),(5283,596,4),(5289,596,5),(5306,3,4),(5312,596,4),(5317,4,3),(5317,80,5),(5319,8,4),(5319,596,3),(5333,4,4),(5333,596,4),(5333,64,3),(5337,596,4),(5340,3,1),(5344,80,4),(5347,3,5),(5347,9,1),(5352,596,4),(5359,596,4),(5361,3,4),(5365,3,4),(5367,3,3),(5367,4,2),(5367,8,2),(5367,596,2),(5367,65,1),(5394,3,3),(5394,596,3),(5396,596,5),(5405,4,2),(5420,596,3),(5428,4,4),(5429,898,5),(5430,3,5),(5432,898,5),(5437,898,4),(5443,7,5),(5446,898,5),(5447,898,4),(5448,898,2),(5452,7,1),(5454,898,5),(5459,3,3),(5459,4,4),(5459,65,5),(5463,3132,4),(5463,898,4),(5464,898,5),(5466,898,5),(5472,596,4),(5472,898,4),(5480,898,4),(5483,4,3),(5483,65,1),(5492,3,2),(5493,3,2),(5494,898,4),(5501,7,3),(5504,596,5),(5511,7,2),(5511,898,5),(5512,898,5),(5517,596,5),(5517,897,4),(5517,898,4),(5519,3,2),(5522,7,2),(5523,596,3),(5524,898,2),(5530,8,2),(5530,898,3),(5532,4,4),(5539,4,3),(5539,596,3),(5539,3132,3),(5539,898,5),(5542,898,5),(5543,596,3),(5545,898,5),(5547,4,3),(5550,7,4),(5555,9,3),(5556,898,3),(5558,8,2),(5558,596,2),(5561,7,3),(5565,7,4),(5568,9,4),(5569,7,4),(5571,898,4),(5572,898,4),(5574,596,5),(5575,4,3),(5575,7,3),(5575,64,3),(5576,596,4),(5580,7,3),(5580,65,3),(5580,898,5),(5582,898,5),(5596,7,3),(5603,58,5),(5604,3,3),(5604,58,5),(5605,3,1),(5605,596,3),(5605,64,2),(5607,7,3),(5615,7,3),(5617,9,3),(5625,898,3),(5626,897,5),(5627,7,2),(5627,596,3),(5627,898,4),(5629,596,5),(5634,7,4),(5636,58,4),(5636,65,1),(5636,897,3),(5641,3,3),(5641,4,2),(5641,7,4),(5641,64,3),(5642,596,3),(5643,3,2),(5643,7,3),(5643,596,3),(5643,3132,4),(5643,58,4),(5643,898,5),(5644,596,3),(5645,596,3),(5649,4,3),(5651,596,4),(5653,58,5),(5655,58,5),(5661,596,4),(5664,596,5),(5667,7,1),(5667,58,4),(5667,897,3),(5667,898,4),(5668,596,4),(5670,4,1),(5673,898,5),(5674,58,5),(5674,80,5),(5675,7,3),(5676,3,4),(5676,7,4),(5680,897,5),(5682,8,4),(5684,596,4),(5684,897,3),(5686,4,2),(5686,7,1),(5686,596,1),(5686,898,2),(5688,596,3),(5689,7,4),(5692,80,5),(5695,7,4),(5698,596,3),(5701,596,5),(5705,7,4),(5705,596,2),(5707,898,5),(5710,58,5),(5717,596,4),(5718,58,5),(5720,3,1),(5720,7,3),(5722,58,2),(5724,898,4),(5728,3,4),(5728,7,4),(5728,65,2),(5728,898,5),(5733,596,4),(5734,7,3),(5734,58,4),(5734,898,5),(5736,898,4),(5737,58,4),(5744,3,4),(5744,7,4),(5744,596,3),(5744,898,4),(5747,3,2),(5749,58,3),(5751,8,4),(5752,7,4),(5752,898,5),(5753,6,5),(5754,4,3),(5754,58,4),(5755,6,4),(5755,7,1),(5755,596,4),(5755,898,5),(5759,6,5),(5759,898,5),(5762,596,5),(5763,6,3),(5763,596,3),(5763,898,5),(5766,7,4),(5767,6,5),(5768,58,4),(5768,898,5),(5771,596,3),(5776,6,5),(5779,6,4),(5779,58,5),(5780,3,1),(5780,4,3),(5780,6,5),(5780,58,4),(5783,7,5),(5785,6,5),(5786,65,1),(5787,898,5),(5788,3,3),(5788,4,2),(5788,64,1),(5788,65,1),(5789,596,5),(5789,58,4),(5791,898,4),(5794,3,4),(5794,7,4),(5794,898,5),(5795,4,4),(5795,6,4),(5795,7,3),(5795,9,1),(5795,596,5),(5795,58,5),(5795,64,1),(5795,65,1),(5795,898,5),(5802,7,3),(5805,58,3),(5805,898,5),(5806,58,3),(5806,80,3),(5809,1,5),(5809,898,5),(5811,7,4),(5812,3,3),(5812,4,3),(5812,6,4),(5812,7,3),(5812,3132,3),(5812,64,2),(5812,80,3),(5812,898,5),(5813,6,4),(5823,1,5),(5823,58,4),(5823,898,5),(5824,1,4),(5824,6,3),(5824,58,3),(5825,1,5),(5826,6,5),(5827,1,4),(5827,3,3),(5829,1,4),(5829,898,4),(5830,898,5),(5831,1,5),(5831,4,4),(5831,6,4),(5831,7,4),(5831,596,4),(5831,65,2),(5831,80,3),(5831,898,4),(5832,58,4),(5832,80,4),(5833,1,5),(5833,58,5),(5837,6,5),(5837,7,3),(5837,9,4),(5838,1,3),(5838,58,5),(5838,898,4),(5839,1,5),(5840,1,5),(5840,4,3),(5840,7,4),(5840,898,5),(5841,1,5),(5841,596,4),(5841,58,5),(5841,898,5),(5842,6,3),(5843,1,3),(5843,596,2),(5843,58,5),(5845,1,4),(5847,1,4),(5847,3,2),(5847,7,3),(5847,64,2),(5847,898,4),(5848,1,3),(5848,6,3),(5848,58,5),(5848,898,4),(5851,8,4),(5851,596,3),(5852,4,2),(5852,7,4),(5852,58,3),(5852,898,4),(5854,1,3),(5854,2,4),(5854,3,2),(5854,6,5),(5854,7,2),(5855,58,5),(5857,1,3),(5857,2,4),(5858,1,5),(5858,58,5),(5858,898,4),(5861,1,5),(5861,3132,2),(5862,1,5),(5862,6,5),(5862,7,5),(5864,1,4),(5868,1,3),(5868,58,5),(5869,1,3),(5871,1,4),(5871,58,4),(5872,3,3),(5872,6,3),(5874,6,5),(5874,58,5),(5875,1,5),(5875,2,4),(5878,7,3),(5878,58,5),(5878,898,5),(5879,6,5),(5879,9,4),(5880,1,4),(5880,6,4),(5880,596,2),(5880,898,1),(5881,1,4),(5881,3,5),(5881,4,3),(5881,65,2),(5886,1,4),(5886,2,2),(5886,6,4),(5886,596,4),(5886,58,5),(5887,1,4),(5888,1,5),(5888,3,1),(5888,6,3),(5888,7,4),(5888,596,3),(5888,58,5),(5888,64,1),(5888,65,1),(5888,898,5),(5889,1,4),(5889,898,5),(5890,1,5),(5896,1,2),(5896,3,4),(5903,1,5),(5905,1,4),(5906,596,3),(5907,898,4),(5908,1,5),(5908,2,3),(5911,1,3),(5914,6,5),(5915,1,4),(5915,3,4),(5915,4,4),(5915,6,4),(5915,596,3),(5916,596,3),(5916,898,4),(5917,2,4),(5917,6,4),(5917,897,4),(5920,1,4),(5921,1,4),(5922,596,3),(5924,6,3),(5924,10,4),(5925,1,3),(5925,2,5),(5927,7,3),(5930,1,5),(5930,898,5),(5931,1,4),(5931,2,4),(5931,10,3),(5934,6,4),(5935,1,4),(5937,10,4),(5938,1,5),(5938,2,4),(5942,898,5),(5943,1,4),(5944,58,4),(5946,3,4),(5946,7,3),(5946,58,4),(5948,3,3),(5948,897,5),(5948,898,5),(5949,1,3),(5949,6,5),(5952,898,5),(5953,1,4),(5953,10,4),(5954,1,5),(5954,2,4),(5954,596,4),(5954,10,3),(5954,65,1),(5955,1,4),(5955,3,2),(5955,4,3),(5955,7,4),(5955,10,3),(5955,898,4),(5956,2,2),(5956,58,4),(5957,1,3),(5957,10,3),(5958,6,3),(5959,1,3),(5960,4,4),(5960,3132,5),(5961,2,4),(5961,3,3),(5961,6,4),(5961,7,2),(5961,10,4),(5961,64,2),(5964,1,5),(5964,2,1),(5964,596,4),(5964,58,4),(5964,65,3),(5966,58,4),(5971,1,4),(5971,7,5),(5971,10,3),(5972,1,4),(5972,3,3),(5972,7,3),(5974,4,2),(5974,6,4),(5978,1,5),(5978,2,4),(5978,596,4),(5978,10,3),(5980,1,3),(5980,596,4),(5980,898,4),(5981,596,4),(5981,897,3),(5981,898,5),(5982,1,4),(5982,10,4),(5985,1,4),(5986,898,5),(5987,10,1),(5989,1,5),(5989,2,4),(5990,58,5),(5991,1,4),(5995,1,5),(5995,8,3),(5995,596,2),(5995,58,4),(5995,898,5),(5996,1,5),(5996,2,3),(5996,7,5),(5996,596,5),(5996,10,4),(6000,1,3),(6000,2,3),(6000,3,3),(6000,7,4),(6000,8,3),(6000,10,3),(6001,2,3),(6001,6,4),(6001,10,4),(6002,898,4),(6003,6,4),(6003,58,4),(6003,898,5),(6006,1,2),(6006,2,2),(6006,596,4),(6010,1,5),(6010,596,4),(6010,10,4),(6011,1,5),(6011,10,4),(6013,1,5),(6013,80,4),(6015,1,5),(6016,1,4),(6016,3,2),(6016,7,3),(6016,596,4),(6016,3132,3),(6016,10,4),(6016,58,4),(6016,80,4),(6016,898,5),(6019,2,4),(6019,10,3),(6021,1,3),(6022,1,5),(6023,6,5),(6025,1,5),(6025,3,3),(6025,4,3),(6025,7,4),(6025,58,4),(6025,64,2),(6027,10,5),(6028,6,4),(6030,2,4),(6031,8,5),(6032,1,4),(6032,596,4),(6032,898,5),(6035,1,4),(6035,3,1),(6035,4,2),(6035,7,3),(6035,58,5),(6035,898,1),(6036,4,2),(6036,6,3),(6036,596,3),(6036,3132,5),(6037,3132,4),(6037,898,4),(6040,1,3),(6040,58,5),(6040,80,5);
/*!40000 ALTER TABLE `movierating` ENABLE KEYS */;
UNLOCK TABLES;

--
-- Table structure for table `occupation`
--

DROP TABLE IF EXISTS `occupation`;
/*!40101 SET @saved_cs_client     = @@character_set_client */;
/*!40101 SET character_set_client = utf8 */;
CREATE TABLE `occupation` (
  `id` tinyint(4) NOT NULL DEFAULT '0',
  `name` char(25) DEFAULT NULL,
  PRIMARY KEY (`id`)
) ENGINE=MyISAM DEFAULT CHARSET=latin1;
/*!40101 SET character_set_client = @saved_cs_client */;

--
-- Dumping data for table `occupation`
--

LOCK TABLES `occupation` WRITE;
/*!40000 ALTER TABLE `occupation` DISABLE KEYS */;
INSERT INTO `occupation` VALUES (0,'other or not specified'),(1,'academic/educator'),(2,'artist'),(3,'clerical/admin'),(4,'college/grad student'),(5,'customer service'),(6,'doctor/health care'),(7,'executive/managerial'),(8,'farmer'),(9,'homemaker'),(10,'K-12 student'),(11,'lawyer'),(12,'programmer'),(13,'retired'),(14,'sales/marketing'),(15,'scientist'),(16,'self-employed'),(17,'technician/engineer'),(18,'tradesman/craftsman'),(19,'unemployed'),(20,'writer');
/*!40000 ALTER TABLE `occupation` ENABLE KEYS */;
UNLOCK TABLES;

--
-- Table structure for table `user`
--

DROP TABLE IF EXISTS `user`;
/*!40101 SET @saved_cs_client     = @@character_set_client */;
/*!40101 SET character_set_client = utf8 */;
CREATE TABLE `user` (
  `id` int(11) NOT NULL DEFAULT '0',
  `gender` char(1) NOT NULL,
  `age` tinyint(4) NOT NULL,
  `occupationid` tinyint(4) NOT NULL,
  `zip` char(10) NOT NULL,
  PRIMARY KEY (`id`)
) ENGINE=MyISAM DEFAULT CHARSET=latin1;
/*!40101 SET character_set_client = @saved_cs_client */;

--
-- Dumping data for table `user`
--

LOCK TABLES `user` WRITE;
/*!40000 ALTER TABLE `user` DISABLE KEYS */;
INSERT INTO `user` VALUES (26,'M',25,7,'23112'),(38,'F',18,4,'02215'),(40,'M',45,0,'10543'),(73,'M',18,4,'53706'),(75,'F',1,10,'01748'),(92,'F',18,4,'44243'),(119,'F',1,10,'77515'),(123,'M',35,9,'67208'),(128,'M',56,6,'37922'),(163,'M',18,4,'85013'),(166,'M',18,4,'92802'),(195,'M',25,12,'10458'),(200,'F',18,4,'84321'),(202,'M',18,4,'53706'),(216,'M',45,13,'52761'),(307,'M',50,16,'90027'),(314,'F',56,9,'46911'),(346,'F',25,0,'55110'),(365,'F',18,4,'02138'),(391,'M',45,11,'22122'),(411,'F',45,1,'43214'),(461,'M',50,7,'55075'),(509,'M',25,2,'55125'),(524,'M',18,0,'91320'),(531,'F',18,14,'22206'),(590,'F',35,6,'98032'),(629,'F',1,10,'48154'),(634,'F',1,10,'49512'),(655,'F',25,2,'92629'),(699,'M',18,0,'73505'),(731,'M',45,3,'55410'),(817,'M',18,4,'41076'),(850,'M',35,0,'60640'),(854,'F',25,16,'44092'),(855,'F',18,2,'72701'),(889,'M',45,20,'10024'),(934,'F',35,7,'97401'),(945,'M',45,7,'49345'),(975,'M',35,0,'98136'),(984,'M',50,16,'92129'),(1004,'M',25,3,'95136'),(1013,'M',56,13,'02576'),(1015,'M',35,3,'11220'),(1069,'M',25,20,'98105'),(1088,'F',1,10,'98103'),(1117,'M',18,14,'10017'),(1130,'M',18,7,'60012'),(1147,'M',25,20,'98101'),(1164,'F',25,19,'90020'),(1175,'F',25,2,'90020'),(1181,'M',35,7,'20716'),(1184,'F',25,4,'92354'),(1224,'M',50,13,'02125'),(1227,'M',50,1,'90027'),(1229,'F',25,4,'48219'),(1242,'F',35,0,'10014'),(1264,'M',25,1,'53711'),(1266,'M',25,4,'18104'),(1285,'M',35,4,'98125'),(1294,'F',50,20,'11217'),(1298,'M',35,6,'33615'),(1322,'M',56,0,'94043'),(1348,'F',1,10,'04240'),(1425,'M',1,10,'08872'),(1448,'F',25,3,'17522'),(1465,'M',50,16,'93003'),(1470,'M',18,4,'94118'),(1501,'M',25,11,'75801'),(1505,'M',50,11,'90041'),(1513,'F',35,16,'95003'),(1605,'F',18,0,'28270'),(1613,'M',18,20,'61801'),(1631,'F',50,0,'94514'),(1632,'M',25,16,'94120'),(1667,'M',50,16,'98516'),(1676,'M',18,4,'91301'),(1748,'M',50,1,'04240'),(1841,'M',18,0,'95037'),(1845,'M',25,2,'10002'),(1884,'M',45,20,'93108'),(1891,'M',45,1,'91335'),(1894,'F',35,7,'94602'),(1897,'F',50,2,'94530'),(1899,'F',45,6,'02135'),(1912,'M',25,4,'91325'),(1925,'M',50,7,'92886'),(1947,'M',25,7,'94041'),(1958,'F',25,1,'17055'),(1962,'F',18,1,'60914'),(1969,'F',25,3,'92116'),(1980,'M',35,7,'06460'),(1998,'F',50,9,'24018'),(2015,'M',18,4,'01003'),(2018,'M',35,16,'46214'),(2026,'M',50,16,'49277'),(2073,'F',18,4,'13148'),(2077,'M',18,0,'55112'),(2085,'M',18,0,'06360'),(2088,'M',50,7,'60618'),(2092,'M',56,1,'49006'),(2106,'F',18,20,'495321'),(2110,'M',50,11,'46802'),(2116,'M',18,4,'49546'),(2121,'M',56,13,'02356'),(2195,'M',1,10,'60148'),(2219,'M',25,6,'60060'),(2265,'M',56,13,'60506'),(2271,'M',50,14,'13210'),(2288,'M',1,10,'13066'),(2293,'F',56,3,'48130'),(2330,'M',45,7,'48103'),(2334,'F',56,7,'01562'),(2340,'M',35,2,'48104'),(2367,'F',25,9,'49424'),(2370,'M',50,1,'13215'),(2387,'M',25,17,'32224'),(2477,'M',45,0,'42420'),(2489,'F',35,9,'37843'),(2496,'M',50,1,'37932'),(2497,'F',50,14,'37922'),(2500,'M',56,1,'29672'),(2506,'F',25,14,'98225'),(2538,'M',56,13,'37923'),(2541,'F',35,5,'49424'),(2544,'M',45,1,'52001'),(2607,'F',56,0,'48178'),(2621,'M',18,0,'46304'),(2634,'M',56,1,'15701'),(2676,'M',56,20,'78731'),(2748,'M',25,4,'85719'),(2753,'F',50,20,'27516'),(2764,'M',25,7,'91403'),(2789,'M',18,4,'90025'),(2807,'F',35,11,'22043'),(2810,'F',1,10,'64093'),(2849,'M',45,11,'94114'),(2888,'M',25,14,'55438'),(2892,'M',25,4,'84064'),(2907,'F',35,5,'12345'),(2909,'M',25,7,'43228'),(2913,'F',35,20,'98119'),(2919,'M',18,17,'88076'),(2934,'F',35,20,'91324'),(2944,'F',18,4,'48104'),(2990,'M',35,12,'45243'),(2999,'M',25,7,'33813'),(3004,'F',18,4,'02138'),(3017,'F',35,9,'85255'),(3020,'F',35,7,'60302'),(3024,'M',35,17,'14302'),(3036,'M',56,13,'14843'),(3039,'F',50,3,'33611'),(3054,'M',18,4,'44056'),(3067,'F',25,0,'02148'),(3108,'M',50,6,'22039'),(3135,'M',25,15,'12345'),(3189,'M',25,16,'90292'),(3201,'M',45,7,'35216'),(3217,'F',35,0,'92630'),(3224,'F',25,14,'93428'),(3261,'M',45,20,'87505'),(3263,'M',50,11,'66048'),(3292,'F',50,6,'79410'),(3313,'M',35,20,'90292'),(3320,'M',25,1,'56082'),(3328,'M',56,19,'91790-1161'),(3367,'M',50,16,'10025'),(3476,'M',50,0,'44126'),(3507,'M',25,0,'02472'),(3511,'M',50,0,'88004'),(3559,'M',18,4,'11364'),(3576,'M',50,7,'68046'),(3589,'F',45,0,'80010'),(3598,'M',56,1,'90210'),(3610,'M',18,6,'30064'),(3615,'M',25,17,'76028'),(3626,'M',25,17,'75075'),(3688,'M',18,6,'21202'),(3690,'M',18,0,'63116'),(3704,'F',35,0,'04255'),(3778,'M',25,0,'61832'),(3792,'M',25,6,'68108'),(3816,'F',25,3,'90020'),(3821,'M',25,20,'44313'),(3829,'F',25,1,'22307'),(3841,'M',45,18,'26101'),(3842,'F',35,16,'92054'),(3887,'M',18,4,'80513'),(3892,'M',25,20,'91505'),(3927,'F',25,16,'67846'),(3930,'M',56,3,'52240'),(3934,'M',25,0,'44512'),(3940,'M',35,20,'32708'),(3974,'M',35,0,'30741'),(3988,'F',25,14,'60647'),(3997,'M',35,17,'45255'),(3999,'M',35,17,'30701'),(4001,'F',25,1,'01860'),(4014,'M',25,0,'48316-5601'),(4021,'M',50,20,'95236'),(4024,'M',25,5,'45011'),(4033,'M',25,6,'43551'),(4041,'M',18,3,'48005'),(4048,'F',35,1,'89431'),(4059,'M',25,14,'80232'),(4064,'M',45,0,'20851'),(4083,'M',56,14,'92630'),(4085,'F',25,6,'79416'),(4140,'M',25,0,'32112'),(4169,'M',50,0,'66048'),(4227,'M',25,19,'11414-2520'),(4234,'F',45,3,'48130'),(4238,'M',35,16,'44691'),(4253,'M',45,11,'03301'),(4257,'M',50,16,'38122'),(4261,'F',35,6,'07950'),(4277,'M',35,16,'98133'),(4279,'M',25,16,'43215'),(4284,'M',50,7,'40601'),(4285,'M',35,0,'62704'),(4315,'M',18,4,'44266'),(4323,'M',18,4,'82072'),(4336,'F',25,0,'40241'),(4343,'M',25,12,'75007'),(4344,'M',25,1,'44240'),(4345,'F',25,14,'44304'),(4352,'M',18,4,'11010'),(4379,'M',25,4,'27278'),(4387,'F',18,4,'63109'),(4390,'M',25,0,'11201'),(4404,'M',25,1,'57106'),(4422,'M',25,5,'10463'),(4425,'M',35,7,'98607'),(4430,'F',25,0,'94403'),(4453,'M',35,0,'95667'),(4460,'M',25,14,'70005'),(4478,'M',1,12,'02138'),(4479,'M',50,13,'33015'),(4483,'F',25,6,'72703'),(4491,'M',18,4,'52405'),(4506,'M',50,16,'29464'),(4507,'M',18,4,'61820'),(4508,'M',25,20,'15701'),(4510,'M',45,7,'92503'),(4517,'F',18,1,'48067'),(4523,'M',18,2,'55304'),(4524,'M',25,2,'55113'),(4532,'M',25,7,'10025'),(4535,'M',18,19,'17517'),(4541,'M',1,10,'55427'),(4556,'M',45,16,'55011'),(4562,'M',35,10,'94133'),(4567,'M',18,4,'98105'),(4582,'F',25,0,'55408'),(4591,'M',25,15,'02143'),(4593,'F',45,1,'43202'),(4611,'F',18,4,'78705'),(4619,'F',25,1,'97225'),(4635,'M',18,4,'94703'),(4637,'F',35,9,'48302'),(4647,'M',35,20,'80222'),(4650,'M',25,7,'30041'),(4658,'M',25,4,'99163'),(4673,'M',35,16,'94705'),(4686,'M',18,1,'50201'),(4699,'F',18,0,'91765'),(4704,'M',18,20,'02601'),(4712,'M',35,17,'03824'),(4713,'M',25,17,'90245'),(4715,'M',25,2,'97205'),(4725,'M',35,5,'96707-1321'),(4726,'F',35,16,'95828'),(4729,'M',50,16,'55347'),(4743,'M',56,13,'63122'),(4747,'M',18,4,'26201'),(4748,'M',45,16,'60302'),(4754,'F',18,0,'91107'),(4762,'F',25,14,'94110'),(4763,'M',56,11,'04259'),(4784,'F',35,6,'48105'),(4785,'F',25,14,'55104'),(4786,'M',45,6,'22630'),(4788,'M',35,7,'85331'),(4806,'M',25,17,'90031'),(4808,'M',35,0,'96707-1321'),(4813,'F',35,9,'46077'),(4819,'M',35,18,'17350'),(4823,'M',18,4,'46219'),(4828,'F',18,20,'60194'),(4834,'F',45,9,'03862'),(4837,'M',25,5,'46254'),(4852,'M',35,0,'42025'),(4888,'F',56,0,'08055'),(4899,'M',25,12,'94402'),(4916,'M',18,20,'85054'),(4921,'F',25,15,'92507'),(4928,'F',25,3,'92103'),(4934,'F',25,0,'55108'),(4948,'M',45,2,'94618'),(4950,'M',25,16,'55421'),(4951,'F',35,17,'90291'),(4958,'M',18,7,'55403'),(4961,'M',25,7,'46220'),(4962,'M',25,6,'55439'),(4965,'M',1,10,'63123-1507'),(4979,'M',35,2,'55423'),(4997,'M',1,10,'90210'),(5000,'M',25,4,'46254'),(5011,'M',18,4,'64154'),(5013,'M',18,4,'26241'),(5021,'M',50,6,'90504'),(5026,'M',25,17,'92584'),(5035,'F',25,17,'19810'),(5038,'M',25,20,'10010'),(5046,'M',25,16,'60614'),(5054,'M',35,2,'20818'),(5056,'M',45,1,'16673'),(5061,'F',18,19,'05070'),(5074,'M',1,0,'20132'),(5082,'M',35,1,'23185'),(5083,'M',25,4,'16803'),(5084,'M',18,4,'10013'),(5085,'M',56,17,'75225'),(5100,'M',50,6,'193122042'),(5108,'F',25,9,'93940'),(5111,'M',35,2,'78006'),(5113,'M',25,0,'55408'),(5124,'M',35,2,'20818'),(5130,'F',50,1,'33149'),(5131,'F',25,1,'77707'),(5138,'M',25,17,'35205'),(5142,'M',25,1,'92101'),(5148,'M',25,20,'98101'),(5153,'M',25,7,'60046'),(5159,'M',35,7,'37027'),(5161,'M',25,4,'30052'),(5163,'M',45,6,'53216'),(5164,'F',35,17,'91107'),(5171,'M',56,17,'92009'),(5185,'F',35,4,'44485'),(5190,'F',35,0,'85024'),(5200,'F',35,15,'43065'),(5227,'M',18,10,'64050'),(5239,'M',35,7,'07043'),(5245,'F',45,1,'27615'),(5249,'F',45,14,'75006'),(5250,'M',50,6,'01545'),(5253,'F',56,13,'02838'),(5256,'M',25,16,'30269'),(5258,'M',35,4,'58369'),(5268,'F',25,2,'68502'),(5271,'F',25,0,'94110'),(5273,'M',56,20,'91030'),(5282,'F',18,4,'63146'),(5283,'M',18,2,'63138'),(5289,'M',45,2,'94102'),(5306,'F',25,17,'92121'),(5312,'M',25,1,'10463'),(5317,'F',25,0,'02138'),(5319,'M',18,17,'94941'),(5333,'F',25,7,'02332'),(5337,'F',35,3,'02725-1010'),(5340,'F',50,3,'95032'),(5344,'F',50,1,'98177'),(5347,'M',25,6,'53705'),(5352,'F',35,5,'55306'),(5359,'M',18,16,'27705'),(5361,'F',50,16,'92026'),(5365,'M',18,12,'90250'),(5367,'M',18,4,'55344'),(5394,'M',18,0,'60618'),(5396,'M',25,6,'89118'),(5405,'F',50,7,'12866'),(5420,'F',1,19,'14850'),(5428,'F',25,6,'28412'),(5429,'F',25,1,'02460'),(5430,'F',45,1,'26505'),(5432,'M',56,13,'01742'),(5437,'M',25,11,'55426'),(5443,'M',25,12,'01915'),(5446,'F',50,1,'65203'),(5447,'M',45,2,'60626'),(5448,'M',45,19,'60626'),(5452,'M',35,6,'10011'),(5454,'M',35,7,'10001'),(5459,'F',1,10,'99016'),(5463,'M',35,0,'53202'),(5464,'M',35,7,'77079'),(5466,'M',25,12,'98033'),(5472,'M',35,1,'27909'),(5480,'F',25,14,'07030'),(5483,'F',25,6,'15202'),(5492,'M',18,4,'55104'),(5493,'M',35,12,'96797'),(5494,'F',35,17,'94306'),(5501,'M',25,2,'33334'),(5504,'M',45,7,'85287-2702'),(5511,'M',45,1,'92407'),(5512,'F',25,17,'01701'),(5517,'M',56,0,'80210'),(5519,'M',35,15,'33167'),(5522,'M',25,14,'02460'),(5523,'M',35,0,'60187'),(5524,'F',1,10,'26505'),(5530,'F',18,4,'63141'),(5532,'M',25,17,'27408'),(5539,'F',25,20,'91403'),(5542,'M',45,7,'11576'),(5543,'M',25,17,'97401'),(5545,'F',35,16,'98072'),(5547,'F',18,4,'10025'),(5550,'M',35,15,'48187'),(5555,'M',1,10,'37830'),(5556,'M',45,6,'92103'),(5558,'M',1,10,'02446'),(5561,'F',25,3,'74075'),(5565,'M',18,17,'02114'),(5568,'M',18,4,'49841'),(5569,'F',18,1,'07666'),(5571,'F',25,9,'07307'),(5572,'F',25,4,'63119'),(5574,'M',25,0,'20878'),(5575,'M',35,7,'19808'),(5576,'M',25,4,'55369'),(5580,'M',45,7,'01581'),(5582,'M',45,1,'50011'),(5596,'M',35,12,'22201'),(5603,'M',50,7,'02461'),(5604,'M',35,15,'63117'),(5605,'F',18,2,'95008'),(5607,'M',18,4,'11209'),(5615,'M',35,7,'07028'),(5617,'M',25,14,'48336'),(5625,'M',25,1,'01760'),(5626,'M',56,16,'32043'),(5627,'M',25,0,'07040'),(5629,'M',25,14,'02465'),(5634,'M',25,14,'55406'),(5636,'M',25,7,'98102'),(5641,'F',25,17,'48473'),(5642,'M',1,10,'73013'),(5643,'F',35,1,'84108'),(5644,'F',18,4,'92833'),(5645,'M',25,2,'87123'),(5649,'F',18,4,'90025'),(5651,'F',25,6,'74105'),(5653,'M',50,1,'74105'),(5655,'F',25,6,'77054'),(5661,'F',25,15,'03255'),(5664,'M',18,4,'48363'),(5667,'M',35,7,'10009'),(5668,'F',25,3,'41030'),(5670,'M',18,4,'48109'),(5673,'F',35,1,'55417'),(5674,'M',35,7,'94306'),(5675,'M',35,14,'30030'),(5676,'M',25,20,'78746'),(5680,'M',50,20,'94117'),(5682,'M',18,0,'23455-4959'),(5684,'M',18,16,'94110'),(5686,'M',56,16,'60610'),(5688,'F',18,4,'78666'),(5689,'M',25,0,'84119'),(5692,'F',25,7,'29615'),(5695,'F',35,3,'21221'),(5698,'M',35,14,'55418'),(5701,'M',25,7,'55311'),(5705,'F',18,4,'90024'),(5707,'M',25,12,'01060'),(5710,'M',25,15,'90034'),(5717,'M',25,0,'03766'),(5718,'F',35,14,'38018'),(5720,'M',25,0,'60610'),(5722,'M',25,20,'48103'),(5724,'M',25,15,'94102'),(5728,'F',35,20,'09824'),(5733,'M',25,4,'48109'),(5734,'F',25,14,'10022'),(5736,'M',25,1,'08904'),(5737,'M',45,15,'93555'),(5744,'F',25,4,'66044'),(5747,'M',25,0,'03755'),(5749,'M',25,2,'94117'),(5751,'F',1,0,'14167'),(5752,'F',56,0,'14850'),(5753,'M',18,17,'78758'),(5754,'F',18,1,'60640'),(5755,'F',35,2,'78744'),(5759,'F',25,1,'08904'),(5762,'F',35,6,'55125'),(5763,'F',25,1,'08904'),(5766,'M',56,14,'96744'),(5767,'M',25,2,'75287'),(5768,'F',1,7,'20852'),(5771,'M',25,7,'95616'),(5776,'M',18,12,'97205'),(5779,'M',25,5,'10011'),(5780,'M',18,17,'92886'),(5783,'F',45,1,'92106'),(5785,'F',25,7,'60607'),(5786,'M',25,6,'53211'),(5787,'M',25,20,'90802'),(5788,'M',25,0,'92646'),(5789,'M',25,17,'91107'),(5791,'M',18,4,'44074'),(5794,'M',35,17,'53703'),(5795,'M',25,1,'92688'),(5802,'F',25,0,'98105'),(5805,'F',25,0,'90802'),(5806,'F',50,1,'08826'),(5809,'M',25,7,'37206'),(5811,'M',18,4,'60202'),(5812,'F',25,7,'92120'),(5813,'M',25,7,'94117'),(5823,'M',25,12,'02144'),(5824,'M',18,12,'18052'),(5825,'F',25,4,'43201'),(5826,'M',18,4,'60201'),(5827,'M',25,2,'55118'),(5829,'F',25,4,'78223'),(5830,'F',18,4,'78209'),(5831,'M',25,1,'92120'),(5832,'F',25,0,'78240'),(5833,'F',35,0,'78253'),(5837,'M',25,7,'60607'),(5838,'F',45,7,'02038'),(5839,'M',25,1,'27106'),(5840,'F',1,0,'44260'),(5841,'F',35,7,'10024'),(5842,'M',25,4,'43201'),(5843,'M',35,1,'83301'),(5845,'F',25,3,'79411'),(5847,'F',18,4,'02464'),(5848,'M',50,20,'20009'),(5851,'F',18,20,'55410'),(5852,'F',25,1,'94044'),(5854,'M',45,7,'33135'),(5855,'M',50,7,'19462'),(5857,'F',45,2,'43229'),(5858,'M',25,4,'01002'),(5861,'F',50,1,'98499'),(5862,'F',25,9,'76120'),(5864,'F',50,1,'28043'),(5868,'M',35,14,'85331'),(5869,'F',25,7,'19103'),(5871,'F',25,4,'01002'),(5872,'M',25,17,'61265'),(5874,'M',25,4,'01002'),(5875,'M',25,4,'19103'),(5878,'F',25,0,'60640'),(5879,'M',35,7,'02135'),(5880,'M',25,1,'08904'),(5881,'M',35,17,'30303'),(5886,'M',25,20,'02139'),(5887,'F',35,20,'61821'),(5888,'M',25,20,'64114'),(5889,'M',50,20,'06033'),(5890,'M',35,20,'77008'),(5896,'M',25,0,'60657'),(5903,'M',25,11,'06851'),(5905,'F',35,20,'78006'),(5906,'F',18,4,'19803'),(5907,'M',25,2,'11217'),(5908,'M',25,4,'19711'),(5911,'F',25,17,'80301'),(5914,'M',35,2,'91344'),(5915,'M',18,4,'58102'),(5916,'M',50,20,'48230'),(5917,'F',50,1,'94550'),(5920,'F',25,1,'05401'),(5921,'M',25,6,'15146'),(5922,'M',56,3,'94561'),(5924,'M',35,0,'55417'),(5925,'F',25,0,'90035-4444'),(5927,'M',35,14,'10003'),(5930,'F',35,17,'78681'),(5931,'F',18,7,'94111'),(5934,'M',25,14,'77075'),(5935,'M',18,0,'35115'),(5937,'M',25,12,'60622'),(5938,'M',25,1,'35401'),(5942,'M',45,1,'01867'),(5943,'F',45,1,'19806'),(5944,'F',18,10,'27606'),(5946,'F',56,1,'55406'),(5948,'M',56,13,'12124'),(5949,'M',18,17,'47901'),(5952,'F',45,1,'78231'),(5953,'M',1,10,'21030'),(5954,'M',45,11,'70802'),(5955,'F',25,7,'34952'),(5956,'F',18,4,'02142'),(5957,'M',18,20,'02038'),(5958,'M',45,14,'94301'),(5959,'F',18,4,'14850'),(5960,'F',45,0,'70460'),(5961,'F',45,0,'78757'),(5964,'M',18,5,'97202'),(5966,'F',35,9,'10021'),(5971,'M',35,7,'49504'),(5972,'F',25,20,'55428'),(5974,'F',25,1,'32303'),(5978,'M',35,1,'49307'),(5980,'M',56,1,'42503'),(5981,'M',35,7,'01776'),(5982,'M',35,1,'56082'),(5985,'F',18,4,'78705-5221'),(5986,'F',56,1,'01060'),(5987,'M',25,16,'10003'),(5989,'F',1,10,'74114'),(5990,'F',25,20,'90046'),(5991,'F',35,20,'94025'),(5995,'F',35,1,'14618'),(5996,'F',25,0,'87114'),(6000,'M',45,17,'30075'),(6001,'F',25,7,'94117'),(6002,'M',50,0,'43231'),(6003,'F',45,17,'78722'),(6006,'F',1,0,'01036'),(6010,'M',35,0,'79606'),(6011,'M',35,15,'80538'),(6013,'F',25,20,'32301'),(6015,'F',25,9,'80013'),(6016,'M',45,1,'37209'),(6019,'M',25,0,'10024'),(6021,'M',25,12,'08876'),(6022,'M',25,17,'57006'),(6023,'M',25,0,'43213'),(6025,'F',25,1,'32607'),(6027,'M',18,4,'20742'),(6028,'M',18,4,'94133'),(6030,'M',25,17,'32618'),(6031,'F',18,0,'45123'),(6032,'M',45,7,'55108'),(6035,'F',25,1,'78734'),(6036,'F',25,15,'32603'),(6037,'F',45,1,'76006'),(6040,'M',25,6,'11106');
/*!40000 ALTER TABLE `user` ENABLE KEYS */;
UNLOCK TABLES;
/*!40103 SET TIME_ZONE=@OLD_TIME_ZONE */;

/*!40101 SET SQL_MODE=@OLD_SQL_MODE */;
/*!40014 SET FOREIGN_KEY_CHECKS=@OLD_FOREIGN_KEY_CHECKS */;
/*!40014 SET UNIQUE_CHECKS=@OLD_UNIQUE_CHECKS */;
/*!40101 SET CHARACTER_SET_CLIENT=@OLD_CHARACTER_SET_CLIENT */;
/*!40101 SET CHARACTER_SET_RESULTS=@OLD_CHARACTER_SET_RESULTS */;
/*!40101 SET COLLATION_CONNECTION=@OLD_COLLATION_CONNECTION */;
/*!40111 SET SQL_NOTES=@OLD_SQL_NOTES */;

-- Dump completed on 2010-10-06  6:51:29
